{"cameraMode":{"drawMode":0,"name":"Shaded","section":"Shading Mode"},"sceneLighting":false,"audioPlay":false,"sceneViewState":{"m_AlwaysRefresh":false,"showFog":true,"showSkybox":false,"showFlares":true,"showImageEffects":true,"showParticleSystems":true,"showVisualEffectGraphs":true,"m_FxEnabled":true},"in2DMode":false,"pivot":{"x":64.20075225830078,"y":20.245149612426759,"z":28.75409698486328},"rotation":{"x":0.5274671912193298,"y":0.13364391028881074,"z":-0.08623835444450379,"w":0.8348872661590576},"size":0.10806431621313095,"orthographic":false}