{"cameraMode":{"drawMode":0,"name":"Shaded","section":"Shading Mode"},"sceneLighting":true,"audioPlay":false,"sceneViewState":{"m_AlwaysRefresh":false,"showFog":true,"showSkybox":false,"showFlares":true,"showImageEffects":true,"showParticleSystems":true,"showVisualEffectGraphs":true,"m_FxEnabled":true},"in2DMode":false,"pivot":{"x":50.650001525878909,"y":2.3199996948242189,"z":119.5999984741211},"rotation":{"x":-0.1363532692193985,"y":-0.8583377003669739,"z":0.29307448863983157,"w":-0.39877188205718996},"size":3.0370006561279299,"orthographic":false}